Title,File,Duration,URL,Type,Description
"Fear, Retreats, Community - Sean Fargo - August 20, 2025",Video,2:06:53,https://vimeo.com/1112754440/4b849887b7,Q&A Calls,
"7 Directions Meditation - Sean Fargo - July 2, 2025",Video,1:55:06,https://vimeo.com/1101036751,Q&A Calls,
"Moving From Thoughts To Experience - Sean Fargo - May 21, 2025",Video,1:21:53,https://vimeo.com/1086826763,Q&A Calls,
"Breath, Emotion and Feeling Tone - Sean Fargo - May 7, 2025",Video,1:16:32,https://vimeo.com/1083132472,Q&A Calls,
"Mindfulness vs Meditation - Sean Fargo - Mar 19, 2025",Video,1:15:16,https://vimeo.com/1068123729,Q&A Calls,
"Open Awareness - Sean Fargo - Mar 5, 2025",Video,1:16:32,https://vimeo.com/1068058867,Q&A Calls,
"Gentle Awareness - Sean Fargo - Feb 19, 2025",Video,1:37:59,https://vimeo.com/1061338221,Q&A Calls,
"Mindfulness of the Head - Sean Fargo - Feb 5, 2025",Video,59:38:00,https://vimeo.com/1054917256,Q&A Calls,
"Opening To What’s New - Sean Fargo - Jan 1, 2025",Video,1:11:37,https://vimeo.com/1049105408,Q&A Calls,
"Mindfulness for Chronic Pain - Sean Fargo - Nov 14, 2024",Video,1:17:41,https://vimeo.com/1030271038,Q&A Calls,
"The Power of Retreats - Sean Fargo - Oct 15, 2024",Video,1:11:28,https://vimeo.com/1023534653,Q&A Calls,
"Grounding Into Safety - Sean Fargo - Oct 02, 2024",Video,1:23:18,https://vimeo.com/1016534329,Q&A Calls,
"Softening Around Tension vs. Softening Tension - Sean Fargo - Mar 20, 2024",Video,53:00:00,https://vimeo.com/932369905/858541f673,Q&A Calls,
"Opening to What’s Here - Sean Fargo - Mar 06, 2024",Video,1:37:22,https://vimeo.com/926620297/038dbe444c,Q&A Calls,
"Actively Noticing New Things - Sean Fargo - Feb 28, 2024",Video,1:48:22,https://vimeo.com/926619574/f6530e2fb7,Q&A Calls,
"Concentration, Mindfulness and Loving-Kindness - Sean Fargo - Feb 14, 2024",Video,1:37:18,https://vimeo.com/918827599,Q&A Calls,
"Sensing Energy - Sean Fargo - Feb 07, 2024",Video,1:23:24,https://vimeo.com/912516293/f467b9f8ac,Q&A Calls,
"Sensing Into the Bones - Sean Fargo - Jan 24, 2024",Video,1:41:20,https://vimeo.com/907257310,Q&A Calls,
"Surrendering to Quiet - Sean Fargo - Dec 27, 2023",Video,1:32:54,https://vimeo.com/907248160/1c7467a287,Q&A Calls,
"The Journey to Authenticity - Sean Fargo - Dec 13, 2023",Video,1:41:25,https://vimeo.com/907883121,Q&A Calls,
"Slowing Down and Practicing Presence - Sean Fargo - Dec 06, 2023",Video,1:21:36,https://vimeo.com/908545320/3a35d0d5b5,Q&A Calls,
"Heartfelt Awareness - Sean Fargo - Nov 15, 2023",Video,1:21:15,https://vimeo.com/907942687,Q&A Calls,
"Mindfulness And Healing - Sean Fargo - Nov 08, 2023",Video,1:52:08,https://vimeo.com/908542495/a7c820cadd,Q&A Calls,
"Softening Identity And Accepting What Is - Sean Fargo - Oct 25, 2023",Video,1:58:31,https://vimeo.com/881002674/3c1b13cf70,Q&A Calls,
"This Moment Is Enough - Sean Fargo & Gillian Sanger - Sep 20, 2023",Video,1:55:00,https://vimeo.com/908640833/8b4ab30cb2,Q&A Calls,
"Befriending Resistance - Sean Fargo - Sep 06, 2023",Video,1:49:04,https://vimeo.com/909945105/6fceeed09c,Q&A Calls,
"Sensing Emotions in the Body - Sean Fargo - Aug 30, 2023",Video,1:58:54,https://vimeo.com/909946577/2564833212,Q&A Calls,
"Recalling Goodness - Sean Fargo - Aug 16, 2023",Video,1:20:48,https://vimeo.com/856846515,Q&A Calls,
"Balancing Surrender and Agency - Sean Fargo - Jul 19, 2023",Video,1:58:37,https://vimeo.com/861845961,Q&A Calls,
"Exploring Craving - Sean Fargo - Jul 05, 2023",Video,1:29:31,https://vimeo.com/846332312,Q&A Calls,
"Narrow vs Expansive Awareness - Sean Fargo - Jun 21, 2023",Video,1:35:20,https://vimeo.com/841632372,Q&A Calls,
"Working with Discomfort in Meditation - Sean Fargo - May 31, 2023",Video,1:57:36,https://vimeo.com/824364548,Q&A Calls,
"Holding Everything with Gentle Awareness - Sean Fargo - Apr 26, 2023",Video,1:57:36,https://vimeo.com/824364548,Q&A Calls,
"Opening to Deeper Layers of Experience - Sean Fargo - Apr 12, 2023",Video,1:22:06,https://vimeo.com/820411135,Q&A Calls,
"When Compassion is a Struggle - Sean Fargo - Mar 29, 2023",Video,2:00:12,https://vimeo.com/816070090,Q&A Calls,
"Equanimity - Sean Fargo - Mar 08, 2023",Video,1:31:01,https://vimeo.com/807315799,Q&A Calls,
"Acceptance and Trust as Antidote to Fear - Sean Fargo - Mar 01, 2023",Video,1:11:36,https://vimeo.com/807057163,Q&A Calls,
"Meditating in Groups (and at the gym) - Sean Fargo - Feb 22, 2023",Video,1:16:18,https://vimeo.com/802456364,Q&A Calls,
"Space for Silence - Sean Fargo - Feb 08, 2023",Video,1:54:15,https://vimeo.com/801316737,Q&A Calls,
"Opening the Heart Space - Sean Fargo - Jan 11, 2023",Video,1:57:29,https://vimeo.com/790167022,Q&A Calls,
"Live from a Hyperbaric Chamber - Sean Fargo - Jan 04, 2023",Video,1:17:36,https://vimeo.com/788358129,Q&A Calls,
"Sensing Into and Around the Body - Sean Fargo - Dec 28, 2022",Video,1:19:55,https://vimeo.com/788370209,Q&A Calls,
"Connect Self-Compassion Workshop - Sean Fargo - Dec 01, 2022",Video,1:27:40,https://vimeo.com/778111836,Q&A Calls,
"Allowing for Presence - Sean Fargo - Nov 16, 2022",Video,1:44:16,https://vimeo.com/774345674,Q&A Calls,
"How to Sit with What’s Difficult - Sean Fargo & Sara-Mai Conway - Nov 09, 2022",Video,1:59:45,https://vimeo.com/774446763,Q&A Calls,
"Mindfulness of Death - Sean Fargo - Nov 02, 2022",Video,1:52:02,https://vimeo.com/767597872,Q&A Calls,
"Answering Questions on Mindfulness and Trauma - Sean Fargo - Oct 19, 2022",Video,1:20:28,https://vimeo.com/764358805,Q&A Calls,
"Mindfulness of Sound - Sean Fargo - Oct 12, 2022",Video,1:24:59,https://vimeo.com/760579435/c9a631f8b6,Q&A Calls,
"Mindfulness as Embodied Presence - Sean Fargo - Oct 05, 2022",Video,2:13:00,https://vimeo.com/759155187/4c869b6888,Q&A Calls,
"Growing a Mindfulness Business - Sean Fargo - Aug 31, 2022",Video,43:49:00,https://vimeo.com/746936579/9573e3f15e,Q&A Calls,
"Simple Meditations for Beginner or Advanced Students - Sean Fargo - Aug 24, 2022",Video,1:51:36,https://vimeo.com/744649451/26930438d6,Q&A Calls,
"Working with Veterans and Traumatized Populations - Sean Fargo - Aug 17, 2022",Video,1:42:48,https://vimeo.com/741134778/385e6a5f03,Q&A Calls,
"Do I Deserve Happiness? - Sean Fargo - Aug 10, 2022",Video,1:35:01,https://vimeo.com/739431269/8e24b49c32,Q&A Calls,
"Mindfulness of Eating - Sean Fargo - Jul 13, 2022",Video,1:41:15,https://vimeo.com/729941893/f2a5092a45,Q&A Calls,
"Mindfulness of Feeling Tones - Sean Fargo - Jul 06, 2022",Video,2:00:03,https://vimeo.com/727936008/c4772e3b9e,Q&A Calls,
"Working With Resistance and Backdraft -  Sean Fargo - Jun 29, 2022",Video,1:49:37,https://vimeo.com/725852695/d97dd76275,Q&A Calls,
"Mindfulness of Memories and the Importance of Our Personal Practice - Sean Fargo - Jun 22, 2022",Video,1:52:46,https://vimeo.com/724043414/7788e1fcea,Q&A Calls,
"Connection, Disconnection, and Reconnection - Sean Fargo - Jun 15, 2022",Video,1:40:20,https://vimeo.com/722086357/5b179b6b4b,Q&A Calls,
"Secular Mindfulness and Buddhism - Sean Fargo - Jun 08, 2022",Video,1:54:44,https://vimeo.com/719049518/63cd13bf73,Q&A Calls,
"Softness, Grief and Compassion - Sean Fargo - Jun 01, 2022",Video,1:49:05,https://vimeo.com/716465579/71f03f546e,Q&A Calls,
"The Five Hindrances and Defining Mindfulness - Sean Fargo - May 25, 2022",Video,1:54:03,https://vimeo.com/714718174/688d8dabeb,Q&A Calls,
"Breathing With Care - Sean Fargo - May 11, 2022",Video,1:52:56,https://vimeo.com/709010309/b0337fcbfd,Q&A Calls,
"Mindfulness of Race - Sean Fargo - May 04, 2022",Video,2:01:33,https://vimeo.com/706453694/36137455ec,Q&A Calls,
"Open Awareness - Sean Fargo - Apr 20, 2022",Video,1:58:11,https://vimeo.com/701641294/c1722a43b0,Q&A Calls,
"Bringing Mindfulness to Organizations - Sean Fargo - Apr 13, 2022",Video,1:34:48,https://vimeo.com/700389887/8001ebe517,Q&A Calls,
"Mindfulness of Anger and the News - Sean Fargo - Mar 30, 2022",Video,2:02:23,https://vimeo.com/694327943/7e21f3be16,Q&A Calls,
"Stepping Out of ‘Teacher Mode’ and Into Personal Practice - Sean Fargo - Mar 16, 2022",Video,1:29:36,https://vimeo.com/689349319/048f899394,Q&A Calls,
"On Emotions, Forgiveness, Compassion, and Spiritual Bypassing - Sean Fargo - Mar 09, 2022",Video,1:46:49,https://vimeo.com/686661021/50c682ad80,Q&A Calls,
"Mindfulness of the Neck and Head - Sean Fargo - Feb 23, 2022",Video,1:52:04,https://vimeo.com/684017885/11994ced5d,Q&A Calls,
"Mindfulness and Visualization - Sean Fargo - Feb 16, 2022",Video,1:26:59,https://vimeo.com/679471729/6fb836d62e,Q&A Calls,
"Meeting More Moments With Mindfulness - Sean Fargo - Feb 02, 2022",Video,1:59:01,https://vimeo.com/673198753/9240a46aa6,Q&A Calls,
"Body Awareness and Mindful Eating - Sean Fargo - Jan 26, 2022",Video,1:41:29,https://vimeo.com/670730808/49424f296f,Q&A Calls,
"Mindfulness of the Head Space - Sean Fargo - Jan 19, 2022",Video,1:59:25,https://vimeo.com/670252142/ffeef3abdd,Q&A Calls,
"Mindfulness of Breathing - Sean Fargo - Jan 12, 2022",Video,1:55:34,https://vimeo.com/666469661/a6128b0adc,Q&A Calls,
"Mindfulness of Emotions - Sean Fargo - Jan 05, 2022",Video,1:46:38,https://vimeo.com/666459082/419006416c,Q&A Calls,
"Common Humanity, Non-Judgment and Vulnerability - Sean Fargo - Dec 22, 2021",Video,1:54:43,https://vimeo.com/661470940/be83899688,Q&A Calls,
"Seven Directions - Sean Fargo - Dec 15, 2021",Video,1:05:12,https://vimeo.com/659283440/6c58e35f0a,Q&A Calls,
"Finding Your Niche & Voice - Sean Fargo - Dec 08, 2021",Video,1:34:26,https://vimeo.com/655817228/65d3387284,Q&A Calls,
"Nervousness, Shared Humanity, and Connecting Through the Heart - Sean Fargo & Gillian Sanger - Dec 01, 2021",Video,1:56:01,https://vimeo.com/653298701/fef18cc455,Q&A Calls,
"The Power of Our Words - Sean Fargo - Nov 10, 2021",Video,2:08:17,https://vimeo.com/644739350/86753261a0,Q&A Calls,
"Mindfulness of Low Energy and Sleepiness - Sean Fargo - Oct 27, 2021",Video,2:07:19,https://vimeo.com/645173413/7944a930d1,Q&A Calls,
"Allowing Our Experience to Be What It Is - Sean Fargo - Oct 13, 2021",Video,59:52:00,https://vimeo.com/640349076/b0f96642f9,Q&A Calls,
"Fierce Compassion - Sean Fargo - Sep 29, 2021",Video,1:59:29,https://vimeo.com/623227801/ecebe93a7f,Q&A Calls,
"Leading Meditation - Sean Fargo - Sep 15, 2021",Video,2:02:35,https://vimeo.com/610689637/eabec98df9,Q&A Calls,
"Sensing Into the Heart - Sean Fargo - Sep 08, 2021",Video,2:05:58,https://vimeo.com/601919061/9298f586bf,Q&A Calls,
"Breathing With Curiosity - Sean Fargo - Sep 01, 2021",Video,1:45:08,https://vimeo.com/597010891/e9a7c9a1ca,Q&A Calls,
"Courage to Be With What Is - Sean Fargo - Aug 11, 2021",Video,1:59:23,https://vimeo.com/586762170/25fb5134ac,Q&A Calls,
"Mindfulness of the Body - Sean Fargo - Aug 04, 2021",Video,1:58:16,https://vimeo.com/584500160/7cb491090f,Q&A Calls,
"Finding Refuge in the Body - Sean Fargo - Jul 28, 2021",Video,1:55:48,https://vimeo.com/580785415/ae678aa193,Q&A Calls,
"Contentment - Sean Fargo - Jul 21, 2021",Video,2:01:55,https://vimeo.com/578036823/f154506696,Q&A Calls,
"Connecting to the Earth & Overcoming Self-Doubt - Sean Fargo - Jul 07, 2021",Video,1:45:04,https://vimeo.com/572938297/8177e08fc0,Q&A Calls,
"On Suffering - Sean Fargo - Jun 30, 2021",Video,1:56:24,https://vimeo.com/571168681/688aa869f4,Q&A Calls,
"Sacred Pauses - Sean Fargo - Jun 23, 2021",Video,2:02:49,https://vimeo.com/568038009/70232bb7f1,Q&A Calls,
"Mindfulness for Professionals - Sean Fargo - Jun 16, 2021",Video,1:59:34,https://vimeo.com/567801925/6021723c8d,Q&A Calls,
"Mindfulness of Shame - Sean Fargo - Jun 09, 2021",Video,1:38:07,https://vimeo.com/564887508/ac8b21b33d,Q&A Calls,
"Gratitude - Sean Fargo - Jun 02, 2021",Video,1:38:35,https://vimeo.com/558536504/4f40ec77f3,Q&A Calls,
"Being With the Body - Sean Fargo - May 19, 2021",Video,1:34:31,https://vimeo.com/553168266/b1a02e69ec,Q&A Calls,
"Feeling Tones - Sean Fargo - May 12, 2021",Video,1:46:43,https://vimeo.com/548895417/c57ebfb638,Q&A Calls,
"The Expanding Dimension of Time - Sean Fargo - Apr 21, 2021",Video,1:32:23,https://vimeo.com/542666348/9ce3c9898e,Q&A Calls,
"Space for Silence - Sean Fargo - Apr 07, 2021",Video,1:31:59,https://vimeo.com/536798295/71c02c8188,Q&A Calls,
"Three Centers of the Body - Sean Fargo - Mar 31, 2021",Video,2:02:28,https://vimeo.com/533963415/eec11bb0e1,Q&A Calls,
"Mindfulness of Breathing - Sean Fargo - Mar 24, 2021",Video,1:41:48,https://vimeo.com/531597734/26afdc1292,Q&A Calls,
"Mindfulness of Shame - Sean Fargo - Mar 10, 2021",Video,2:05:21,https://vimeo.com/524726972/1485825747,Q&A Calls,
"Tonglen, Compassion, and Self-Care - Sean Fargo - Mar 03, 2021",Video,1:26:27,https://vimeo.com/523045609/5714ae6a15,Q&A Calls,
"Reverse Tonglen, Generosity, and What Teaching Mindfulness Is All About - Sean Fargo - Feb 24, 2021",Video,2:06:03,https://vimeo.com/520241334/0d59d2d1c2,Q&A Calls,
"Mindfulness of Belonging - Sean Fargo - Feb 10, 2021",Video,2:04:30,https://vimeo.com/511860013/8c0d1920c2,Q&A Calls,
"Mindfulness of Death - Sean Fargo - Feb 03, 2021",Video,1:49:39,https://vimeo.com/508825741/51bdb158f2,Q&A Calls,
"Mindfulness for Teenagers & Emphasizing Non-Judgment - Sean Fargo - Dec 23, 2020",Video,2:00:56,https://vimeo.com/495417718/bb280f070b,Q&A Calls,
"What Self-Compassion Is Not & Mindfulness of Pain - Sean Fargo - Dec 16, 2020",Video,2:09:07,https://vimeo.com/493003670/b384eade30,Q&A Calls,
"Sensing Into The Seven Directions - Sean Fargo - Dec 09, 2020",Video,1:37:49,https://vimeo.com/493061009/f8d0e952c8,Q&A Calls,
"Mindfulness of Thoughts & Understanding ‘Acceptance’ - Sean Fargo - Nov 25, 2020",Video,2:07:55,https://vimeo.com/485054462/b9811b35ea,Q&A Calls,
"Awe, Wonder, & Being Aware of Being Aware - Sean Fargo - Nov 04, 2020",Video,1:45:31,https://vimeo.com/476610895/5a9311a853,Q&A Calls,
"Sensing Into The Physical Body & Navigating Trauma - Sean Fargo - Oct 28, 2020",Video,2:09:49,https://vimeo.com/477606097/55e53beeb8,Q&A Calls,
"Exploring Emotions, Working With Caregivers, & Cultivating Open Awareness - Sean Fargo - Oct 21, 2020",Video,1:43:34,https://vimeo.com/471908981/c3a29c1f9d,Q&A Calls,
"Mindfulness of Grief - Sean Fargo - Sep 30, 2020",Video,21:13,https://vimeo.com/463761100/51f3ac28e3,Q&A Calls,
"The Value of Retreats & Noticing What We “Need” To Be Happy - Sean Fargo - Aug 05, 2020",Video,2:03:49,https://vimeo.com/445438965/965795dda8,Q&A Calls,
"Providing Value & Creating Course Content - Sean Fargo - Jul 08, 2020",Video,1:59:57,https://vimeo.com/438840127/def35f9e4f,Q&A Calls,
"How To Introduce Mindfulness - Sean Fargo - Jun 09, 2020",Video,2:01:25,https://vimeo.com/427705018/2d83a49e74,Q&A Calls,
"On Guiding Meditations - Sean Fargo - Apr 29, 2020",Video,2:00:51,https://vimeo.com/415094193/1a336b548b,Q&A Calls,
"Noise, Safety & Death - Sean Fargo - Mar 04, 2020",Video,,https://vimeo.com/395892395,Q&A Calls,
"Tiredness, Acceptance & Creativity - Sean Fargo - Feb 26, 2020",Video,,https://vimeo.com/394086923,Q&A Calls,
"The 4 Pillars Of A Sustainable Mindfulness Business - Jessica Lipman - August 6, 2025",Video,1:34:16,https://vimeo.com/1108120373,GUEST TEACHER,
"Teaching Meditation In A Way That Resonates And Connects - Shawn J Moore - May 14, 2025",Video,1:58:14,https://vimeo.com/1085221308,GUEST TEACHER,
"My Mindfulness Journey As A Hospice Nurse - Beth Cavenaugh - Apr 2, 2025",Video,1:39:10,https://vimeo.com/1072757214,GUEST TEACHER,
"Mindfulness For Alleviating Chronic Pain - Vidyamala Burch - Mar 26, 2025",Video,1:30:49,https://vimeo.com/1070567094,GUEST TEACHER,
"Touch the Earth: Connect with the Root of Mindfulness - Imee Contreras - Jan 15, 2025",Video,1:53:20,https://vimeo.com/1047955205,GUEST TEACHER,
"Cultivating Safety and Connection: The Two Core Relational Values That Impact All Our Relationships - Alejandra Siroka - Dec 11, 2024",Video,1:52:33,https://vimeo.com/1038880170,GUEST TEACHER,
"What Do We Wish To Transmit As Mindfulness Teachers? - Dr. Larry Ward - Sep 25, 2024",Video,1:47:48,https://vimeo.com/1013473267,GUEST TEACHER,
"Soulful Mindfulness - Dr. Shelly Harrell - Aug 21, 2024",Video,2:01:15,https://vimeo.com/1003172795,GUEST TEACHER,
"Selling Your Mindfulness Teachings to Organizations - Danny Grieco - Aug 06, 2024",Video,1:08:56,https://vimeo.com/998605085,GUEST TEACHER,
"Finding Your Authentic Voice - Nicholas “Quazzy” Herd - Jul 24, 2024",Video,1:58:48,https://vimeo.com/991052987,GUEST TEACHER,
"Mindfulness and Caring for the Dying - Kirsten DeLeo - Jun 26, 2024",Video,1:51:30,https://vimeo.com/969979297,GUEST TEACHER,
"Mindful Sensitivity and Tonglen: Overt and Covert Clinical Allies - Fiona Brandon - May 08, 2024",Video,1:53:51,https://vimeo.com/945356169,GUEST TEACHER,
"How to Start and Grow Your Business with Mindful Marketing - Simona Ondrejkova - Apr 17, 2024",Video,2:16:41,https://vimeo.com/938344783,GUEST TEACHER,
"Social Noting Meditation: Expanding the Scope of Practice from Me to We - Jennifer Carter - Apr 03, 2024",Video,1:44:40,https://vimeo.com/932034361/6962fe2a64,GUEST TEACHER,
"Compassionate Self-Inquiry - Byron Katie - Mar 13, 2024",Video,2:25:03,https://vimeo.com/924532922/943d997f2b,GUEST TEACHER,
"Sales Training for Mindfulness Teachers - Danny Grieco - Jan 10, 2024",Video,2:15:59,https://vimeo.com/907541573/cdacd05040,GUEST TEACHER,
"The Mindfulness Podcaster’s Roadmap - Alex Goldstein - Dec 20, 2023",Video,1:58:57,https://vimeo.com/897946395,GUEST TEACHER,
"How To Create Quality Guided Meditation Content - Meg James - Nov 29, 2023",Video,2:05:05,https://vimeo.com/892405250/5e7955d3b9,GUEST TEACHER,
"How to Build a Healthy Social Media Ecosystem for Increasing Conversions - Nenad Vasic - Oct 18, 2023",Video,1:50:32,https://vimeo.com/881054916/7cb8e0f522,GUEST TEACHER,
"Teaching Mindfulness to Kids in Schools - JG Larochette - Sep 13, 2023",Video,1:59:00,https://vimeo.com/865677151,GUEST TEACHER,
"Self-Empathy & Self-Empowerment - Myra Walden - Aug 16, 2023",Video,2:46:54,https://vimeo.com/857904719,GUEST TEACHER,
"Teaching Loving Kindness - Donald Rothberg - Jul 12, 2023",Video,2:02:43,https://vimeo.com/845344118,GUEST TEACHER,
"Traditional Zimbabwean Healer – Holder of Lion, Water and Earth Spirits - Baba Mandaza - Jun 07, 2023",Video,1:56:48,https://vimeo.com/834386695,GUEST TEACHER,
"Awakening Your Personal Myth with Mindfulness & The Hero’s Journey - Erik Ireland - May 10, 2023",Video,1:52:51,https://vimeo.com/825781200,GUEST TEACHER,
"Mindfulness of Ethics, Cultivating a Posture Toward Justice - Pamela Ayo Yetunde - Apr 12, 2023",Video,1:52:44,https://vimeo.com/817268790,GUEST TEACHER,
"How to Use Growth Marketing to Scale Your Business - Jim Huffman - Mar 22, 2023",Video,1:49:13,https://vimeo.com/811746607,GUEST TEACHER,
"Mindfulness and Climate Justice - Thanissara - Feb 01, 2023",Video,1:54:46,https://vimeo.com/795335871,GUEST TEACHER,
"Mindfulness Meditation and Plant Medicine Ceremonies - Dr. Ali Maya - Jan 18, 2023",Video,1:55:08,https://vimeo.com/790761865,GUEST TEACHER,
"Mindfulness and Meditation in Nature - Mark Coleman - Dec 14, 2022",Video,1:59:11,https://vimeo.com/782532991,GUEST TEACHER,
"Mindfulness and Grief - Francis Weller - Nov 30, 2022",Video,1:58,https://vimeo.com/777935931,GUEST TEACHER,
"Identifying and Managing the Adverse Effects of Mindfulness Meditation - Willoughby Britton - Oct 26, 2022",Video,2:09:22,https://vimeo.com/764541100,GUEST TEACHER,
"Feeling at Home in the World - Austin Hill Shaw - Sep 14, 2022",Video,2:09:29,https://vimeo.com/751859564/484eee1476,GUEST TEACHER,
"The Jhanas – States of Unification of Mind as a Result of Mindfulness - Delson Armstrong - Aug 03, 2022",Video,2:37:47,https://vimeo.com/738208983/315c2cbfb1,GUEST TEACHER,
"Mindfulness and Creative Expression - Anne Cushman - Jul 27, 2022",Video,2:03:13,https://vimeo.com/734670636/7f9377d127,GUEST TEACHER,
"Open Awareness Meditation - Sean Fargo & Jeremy Lipkowitz - Jul 20, 2022",Video,1:27:55,https://vimeo.com/732040085/11cc80d3c2,GUEST TEACHER,
"The Five Nocturnal Mindfulness Meditations - Andrew Holecek - Jun 15, 2022",Video,2:24:06,https://vimeo.com/721428201/c73fba21e9,GUEST TEACHER,
"The Neuroscience of Craving & Samadhi - Liam McClintock (Karuna) - May 18, 2022",Video,1:58:29,https://vimeo.com/711776429/5981983e9f,GUEST TEACHER,
"Opening to Happiness & Joy as a Portal into the Ground of Being - Rick Hanson - Apr 27, 2022",Video,2:04:22,https://vimeo.com/704515416/92fc0fde9c,GUEST TEACHER,
"Legal Considerations for Mindfulness Teachers - Heather Pearce Campbell - Mar 16, 2022",Video,1:59:56,https://vimeo.com/689401362/5fcd760c5b,GUEST TEACHER,
"The Process of Selfing - Dr. Judson Brewer - Feb 16, 2022",Video,1:50:09,https://vimeo.com/678829497/fdf2b1de8f,GUEST TEACHER,
"Chronic Pain - Oren Jay Sofer - Jan 26, 2022",Video,1:55:56,https://vimeo.com/672387075/1ae3a3bbe5,GUEST TEACHER,
"Mindful Self-Discipline - Giovanni Dienstmann - Dec 08, 2021",Video,1:59:49,https://vimeo.com/655361849/3a66942524,GUEST TEACHER,
"Building Resilience - Dr. Gabor Maté - Nov 17, 2021",Video,2:47:19,https://vimeo.com/648094261/0e7aef5653,GUEST TEACHER,
"Compassionate Inquiry - Dr. Gabor Maté - Oct 13, 2021",Video,2:50:54,https://vimeo.com/638872012/a088615cc8,GUEST TEACHER,
"Teaching Mindfulness to Kids - Susan Kaiser Greenland - Sep 01, 2021",Video,1:57:30,https://vimeo.com/598157715/40f41a4e1c,GUEST TEACHER,
"Unwinding Anxiety - Dr. Judson Brewer - Aug 25, 2021",Video,2:24:06,https://vimeo.com/595274593/12cceb4a40,GUEST TEACHER,
"Leading Retreats - Cory Muscara - Jul 07, 2021",Video,2:08:16,https://vimeo.com/573295416/d6fba7138d,GUEST TEACHER,
"How to Heal Shame with Self-Compassion - Christopher Germer - Jun 09, 2021",Video,1:59:40,https://vimeo.com/563192290/a557872dc2,GUEST TEACHER,
"Mindful Eating - Dr. Judson Brewer - May 19, 2021",Video,1:47:38,https://vimeo.com/553630430/4fab53b21a,GUEST TEACHER,
"Living & Leading An Integrated Life - Michelle Maldonado - Apr 21, 2021",Video,1:52:33,https://vimeo.com/543450483/62d12cb74b,GUEST TEACHER,
"The Science of Mindfulness - Dr. Richie Davidson - Mar 24, 2021",Video,1:33:47,https://vimeo.com/531267999/dce5dfd822?fbclid=IwAR0S_RPo8Vvu6SzGhUZ146Pt5gYw5hZhMPEOrFHEV5Rc13WXvlfBXXWkN3c,GUEST TEACHER,
"Trauma-Sensitive Mindfulness, Part 2 - David Treleaven - Feb 14, 2021",Video,2:02:12,https://vimeo.com/514609443/fd612721d6,GUEST TEACHER,
"Mindfulness and Self-Compassion - Christopher Germer - Jan 13, 2021",Video,2:27:40,https://vimeo.com/501347975/3b390ae196,GUEST TEACHER,
"Mindfulness For High Performance - George Mumford - Dec 09, 2020",Video,1:56:52,https://vimeo.com/490339668/06bcb5abd7,GUEST TEACHER,
"Race, Culture & Color - Bonnie Duran - Nov 18, 2020",Video,2:03:58,https://vimeo.com/484043768/81e8c1fc03,GUEST TEACHER,
"Trauma-Sensitive Mindfulness - David Treleaven - Oct 21, 2020",Video,2:05:28,https://vimeo.com/471853230/1ae1cb213b,GUEST TEACHER,
"Teaching Mindfulness for Companies - Michael Taft - Sep 24, 2020",Video,2:05:04,https://vimeo.com/461826636/afc433240d,GUEST TEACHER,
"Finding Your Voice As A Mindfulness Teacher - Spring Washam - Aug 27, 2020",Video,1:59:22,https://vimeo.com/452618485/9ecd8f430a,GUEST TEACHER,
"Neuroscience of Mindfulness - Dr. Rick Hanson - Jul 22, 2020",Video,2:05:40,https://vimeo.com/440980756/5660ea9018,GUEST TEACHER,
"Mindful Recovery Expert - Kevin Griffin - Jun 24, 2020",Video,2:13,https://vimeo.com/432431961/4e5305ce3f,GUEST TEACHER,
"Co-Founder of Spirit Rock Meditation Center - James Baraz - May 19, 2020",Video,2:06:39,https://vimeo.com/421123719/3fa9e0f0e8,GUEST TEACHER,
"Mindful Communication - Oren Jay Sofer - Mar 18, 2020",Video,,https://vimeo.com/399036749,GUEST TEACHER,
"Clarifying Your Vision As A Mindfulness Teacher - Gillian Sanger - Jun 18, 2025",Video,2:10:07,https://vimeo.com/1097535693,GUEST TEACHER,
"The Brahmaviharas of the Yoga Sutra - Sara-Mai Conway - Feb 26, 2025",Video,1:39:31,https://vimeo.com/1061731816,GUEST TEACHER,
"Loving Awareness - Sara-Mai Conway - Mar 13, 2024",Video,1:23:20,https://vimeo.com/926618985/b11c0cc1e5,GUEST TEACHER,
"Mindfulness of Our Interconnectedness - Gillian Sanger - Feb 21, 2024",Video,1:37:36,https://vimeo.com/917914725/d4e80bc23c,GUEST TEACHER,
"Trauma-Sensitive Body Scan - Gillian Sanger - Jan 31, 2024",Video,1:54:03,https://vimeo.com/912878786/baba36f66e,GUEST TEACHER,
"Elemental Body Scan - Sara-Mai Conway - Jan 17, 2024",Video,1:48:04,https://vimeo.com/907254596,GUEST TEACHER,
"Allowing What Is True About This Moment - Sara-Mai Conway - Jan 10, 2024",Video,1:21:21,https://vimeo.com/907259485,GUEST TEACHER,
"Open Awareness and Anchoring - Gillian Sanger - Dec 20, 2023",Video,1:31:29,https://vimeo.com/897929317,GUEST TEACHER,
"Silence And Word Choice - Sara-Mai Conway - Nov 22, 2023",Video,1:47:25,https://vimeo.com/888499748/28e9583c64,GUEST TEACHER,
"Focused Attention and Spacious Awareness - Sara-Mai Conway - Nov 01, 2023",Video,1:39:07,https://vimeo.com/880993145,GUEST TEACHER,
"Sensing Peace in the Body - Sara-Mai Conway - Oct 18, 2023",Video,1:51,https://vimeo.com/881036154/56c39d2fa4,GUEST TEACHER,
"Integrating Mindfulness, Meditation and Yoga Asana - Sara-Mai Conway - Feb 21, 2024",Video,1:51:07,https://vimeo.com/918825151/b727a96db0,GUEST TEACHER,
"Discernment, Equanimity and Appreciation - Sara-Mai Conway - Sep 13, 2023",Video,1:36:05,https://vimeo.com/908639424/b99a3bf391,GUEST TEACHER,
"Mindfulness of Transitions - Gillian Florence Sanger - Jul 12, 2023",Video,1:38:56,https://vimeo.com/846398982,GUEST TEACHER,
"Exploring Movement and Stillness - Sara-Mai Conway - Jun 07, 2023",Video,1:57:07,https://vimeo.com/836588453,GUEST TEACHER,
"Non-Striving - Gillian Florence Sanger - May 10, 2023",Video,1:48:43,https://vimeo.com/828024376,GUEST TEACHER,
"Accepting the Present Moment Just As It Is - Sara-Mai Conway - Apr 19, 2023",Video,,https://vimeo.com/820442103,GUEST TEACHER,
"Mindfully Listening to the Body - Sara-Mai Conway - Mar 15, 2023",Video,1:48:26,https://vimeo.com/811761178,GUEST TEACHER,
"Sensing into Gratitude - Sara-Mai Conway - Feb 15, 2023",Video,1:49:12,https://vimeo.com/801336436,GUEST TEACHER,
"How Personal Practice Informs our Teaching - Sara-Mai Conway - Feb 01, 2023",Video,1:58:03,https://vimeo.com/796269288,GUEST TEACHER,
"Sensing Into Gratitude - Gillian Florence Sanger - Jan 25, 2023",Video,1:44:06,https://vimeo.com/796297364,GUEST TEACHER,
"Helping Ourselves by Helping Others - Sara-Mai Conway - Dec 21, 2022",Video,1:44:02,https://vimeo.com/788393525,GUEST TEACHER,
"Marketing Mindfulness to Companies - Jeremy Lipkowitz - Oct 26, 2022",Video,1:26:13,https://vimeo.com/767590570,GUEST TEACHER,
"Tips For Teaching To Various Ages And Organizations - Jeremy Lipkowitz - Sep 14, 2022",Video,1:33:54,https://vimeo.com/751890355/f335d3c798,GUEST TEACHER,
"Body Scan Meditation - Jeremy Lipkowitz & Gillian Sanger - Aug 03, 2022",Video,1:30:51,https://vimeo.com/738217182/e89cd490cc,GUEST TEACHER,
"The Wings of Wisdom and Compassion - Gillian Sanger & Jeremy Lipkowitz - Jul 27, 2022",Video,1:45:11,https://vimeo.com/734701910/b9603dbb5a,GUEST TEACHER,
"Your Intentions for Teaching Mindfulness - Gillian Sanger - May 18, 2022",Video,1:36:43,https://vimeo.com/711805266/9552841c63,GUEST TEACHER,
"Sensing Into Joy - Sara-Mai Conway - Apr 27, 2022",Video,1:54:48,https://vimeo.com/705289069/e42f4421dd,GUEST TEACHER,
"Gratitude for the Earth - Gillian Sanger - Apr 07, 2022",Video,1:57:13,https://vimeo.com/696899606/87b2c214fb,GUEST TEACHER,
"Embodiment - Sara-Mai Conway - Mar 23, 2022",Video,2:00:05,https://vimeo.com/692855694/37701bf5ca,GUEST TEACHER,
"Certification Requirements - Gillian Sanger - Mar 02, 2022",Video,2:22:50,https://vimeo.com/687057532/169a7fe5bd,GUEST TEACHER,
"Mindfulness and Compassion - Sara-Mai Conway - Feb 09, 2022",Video,2:00:50,https://vimeo.com/693626420/25d5e785fd,GUEST TEACHER,
"Practice Not Perfection - Gillian Sanger - Nov 17, 2021",Video,1:42:16,https://vimeo.com/648102023/5731791843,GUEST TEACHER,
"How To Complete Meditation Self-Assessment Forms for Certification - Sara-Mai Conway & Gillian Sanger - Aug 18, 2021",Video,2:03:52,https://vimeo.com/591602034/dd2fa566c1,GUEST TEACHER,
 One Complete Cycle of Breath - Guided Mindfulness Meditation,Video,7:21:00,https://youtu.be/oVn4S0Y3Pc0?si=2CLdjDaRkeH3u7rJ,28 DAY CHALLENGE,
Three Mindful Breaths - Guided Mindfulness Meditation,Video,7:14:00,https://youtu.be/IUOVQZK2D8k?si=fcIG1blYo0cYqJLm,28 DAY CHALLENGE,
Two Minutes of Mindful Breathing - Guided Mindfulness Meditation,Video,6:11:00,https://youtu.be/jT54qvCqhNI?si=za_mv7HxmRUTJd0T,28 DAY CHALLENGE,
The Power of Open Awareness - Guided Mindfulness Meditation,Video,6:44:00,https://youtu.be/ZKhzGwGb5Es?si=OKJa1de3uhdHtz6F,28 DAY CHALLENGE,
Wishing Ourselves and Others Well - Guided Mindfulness Meditation,Video,7:43:00,https://youtu.be/PlOV9AFXoaM?si=BOF5DRShhqigqNyB,28 DAY CHALLENGE,
The Body Scan - Guided Mindfulness Meditation,Video,9:04:00,https://youtu.be/SpcQgY9cp80?si=JyY15EDfZKh8thAt,28 DAY CHALLENGE,
Gratitude - Guided Mindfulness Meditation,Video,7:07:00,https://youtu.be/xazBzkOw494?si=fLGis10JMlL8_UpG,28 DAY CHALLENGE,
Focused Attention - Guided Mindfulness Meditation,Video,6:44:00,https://youtu.be/TH_xiu04NXc?si=ax0TlXWs9FMimIZe,28 DAY CHALLENGE,
Whole Body Breathing - Guided Mindfulness Meditation,Video,6:01:00,https://youtu.be/93U7zhe4cq8?si=CYV5SXd3iGaBd3r1,28 DAY CHALLENGE,
Staying Open - Guided Mindfulness Meditation,Video,9:46:00,https://youtu.be/kkc1W1BogsQ?si=lSYO7_VResbmQ-j3,28 DAY CHALLENGE,
Integrated Body Scan - Guided Mindfulness Meditation,Video,10:26:00,https://youtu.be/TI2KzGht4qE?si=XCRX1_BYCvj64cip,28 DAY CHALLENGE,
Simply Stopping - Guided Mindfulness Meditation,Video,5:27:00,https://youtu.be/QueqKIGhooM?si=EbIUeZ0fdvMrA6h2,28 DAY CHALLENGE,
Relieving Stress - Guided Mindfulness Meditation,Video,6:41:00,https://youtu.be/sE0U54Wb0fE?si=gKQ1oVOX81w_2nPF,28 DAY CHALLENGE,
Self Compassion - Guided Mindfulness Meditation,Video,7:41:00,https://youtu.be/iqOfpIM1PJI?si=NHUrGHKYphOtleT_,28 DAY CHALLENGE,
Sensory Awareness - Guided Mindfulness Meditation,Video,8:22:00,https://youtu.be/cDJHLQ0_V7c?si=DfRzpxYpsrLGiazd,28 DAY CHALLENGE,
Loving Kindness - Guided Mindfulness Meditation,Video,15:35:00,https://youtu.be/vjR2o2elYUQ?si=nKFSq-KNRHtliUCH,28 DAY CHALLENGE,
"Gratitude, Intermediate - Guided Mindfulness Meditation",Video,12:59:00,https://youtu.be/ogap-_k_Z-k?si=r8bsHIIvD_Q6FKhm,28 DAY CHALLENGE,
Just Like Me - Guided Mindfulness Meditation,Video,9:54:00,https://youtu.be/CKBV7OvQPFo?si=higbXPWtRwQLtus6,28 DAY CHALLENGE,
Concentration - Guided Mindfulness Meditation,Video,10:47:00,https://youtu.be/D8DRvQnTwVQ?si=OoTAUPRf29qW6ymd,28 DAY CHALLENGE,
Walking Meditation - Guided Mindfulness Meditation,Video,8:19:00,https://youtu.be/DsOw_kej9vU?si=5oc13YF19WxZP1aB,28 DAY CHALLENGE,
Compassion - Guided Mindfulness Meditation,Video,8:19:00,https://youtu.be/-WGMmnqArBU?si=_UkiNvdALueJ0OK1,28 DAY CHALLENGE,
Focused Attention & Concentration - Guided Mindfulness Meditation,Video,9:41:00,https://youtu.be/u08nm1iHb2U?si=YEeNdkM2d52BUv0w,28 DAY CHALLENGE,
"Loving Kindness, Intermediate - Guided Mindfulness Meditation",Video,14:34:00,https://youtu.be/zQY3gKx9TBY?si=-mEy7JqxjW4UEiyo,28 DAY CHALLENGE,
Leading With Purpose - Guided Mindfulness Meditation,Video,7:52:00,https://youtu.be/gNPTCsWwCe0?si=X8vL0hFI1J7koxXY,28 DAY CHALLENGE,
Focused Attention and Open Awareness - Guided Mindfulness Meditation,Video,7:09:00,https://youtu.be/DcwVv98N81s?si=Vc4iBjzc1sZH1_Oi,28 DAY CHALLENGE,
Remembering Motivation - Guided Mindfulness Meditation,Video,7:13:00,https://youtu.be/yFq24At9IYQ?si=4dobGQKVY-Ysxj-c,28 DAY CHALLENGE,
"Body Scan, Intermediate - Guided Mindfulness Meditation",Video,10:26:00,https://youtu.be/aY3kTF9Q3Ic?si=1YZo3RBKQ85niKAW,28 DAY CHALLENGE,
Positive Future - Guided Mindfulness Meditation,Video,10:25:00,https://youtu.be/A9sWFwRYmF4?si=yTZEIqgEL4zu99aJ,28 DAY CHALLENGE,
10-Minute Guided Meditation by Tara Brach,Video,10:41:00,https://youtu.be/9gErDK1HUk0?si=1saumcbgUl2ZgjLt,GUIDED MEDIDATIONS,
Affectionate Breathing - A Guided Meditation by Kristin Neff,Video,21:42:00,https://youtu.be/yTUFoRnGnzY?si=hcLlFPogxNbbrrO-,GUIDED MEDIDATIONS,
Befriending Yourself - A Guided Meditation by Rick Hanson,Video,11:12:00,https://youtu.be/SGUdIn1I3Cw?si=1LXfvcuhD_HOnw9e,GUIDED MEDIDATIONS,
Big Sky Guided Meditation by Jack Kornfield,Video,56:15:00,https://youtu.be/JybkR_Xd7PY?si=UXy31hMW5RUi2MEy,GUIDED MEDIDATIONS,
Compassionate Body Scan - A Guided Meditation by Kristin Neff,Video,24:01:00,https://youtu.be/FOm6dhob_tw?si=g7puwpc5isuVd45n,GUIDED MEDIDATIONS,
Connecting With The Earth - A Guided Meditation by Phillip Moffitt,Video,27:48:00,https://youtu.be/hzBLeeF6ALI?si=f8wjbS8AcXILNYXb,GUIDED MEDIDATIONS,
Breathing Space - A Guided Meditation by Vidyamala Burch,Video,5:45:00,https://youtu.be/tD10lT6feP8?si=MHycspWctOiceF3h,GUIDED MEDIDATIONS,
"9 Breathing Exercises To Release Dead Energy, Part 1 - Guided Meditation by Anam Thubten",Video,33:10:00,https://youtu.be/x9DlcUz3RTY?si=vvFEqFK8_3JfYAoT,GUIDED MEDIDATIONS,
"9 Breathing Exercises To Release Dead Energy, Part 2 - Guided Meditation by Anam Thubten",Video,47:08:00,https://youtu.be/POnWDmcX6tM?si=hVfikqFSjs9JYeCF,GUIDED MEDIDATIONS,
Melting Into Love - A Guided Meditation by Anam Thubten,Video,41:30:00,https://youtu.be/XRubgdkEATA?si=kq3iFAixPNqUclwI,GUIDED MEDIDATIONS,
"Guided Anapanasati: Related To The Breath - Guided Mindfulness of Breathing Meditation, Gil Fronsdal",Video,33:09:00,https://youtu.be/r4KsEe8AfvI?si=rb3waQFkfGsl__m8,GUIDED MEDIDATIONS,
Guided Forgiveness - A Guided Meditation by Gil Fronsdal,Video,15:16:00,https://youtu.be/XsiWZeMMs44?si=hu-bDSuKvvRANJUE,GUIDED MEDIDATIONS,
Guided Metta - A Guided Meditation By Gil Fronsdal,Video,28:02:00,https://youtu.be/NgfSjKOQbbI?si=bNN_6tj30qmqzMP7,GUIDED MEDIDATIONS,
Guided Meditation On Emptiness By Gil Fronsdal,Video,42:01:00,https://youtu.be/spEN6WGwqAo?si=5-U-89TIr1X2Obl1,GUIDED MEDIDATIONS,
Guided Meditation On Emotions By Jack Kornfield,Video,41:31:00,https://youtu.be/G36ZCFVysiA?si=JQqS8wzFut7txpdr,GUIDED MEDIDATIONS,
Guided Meditation By Joseph Goldstein,Video,21:24:00,https://youtu.be/E4OqG4picrI?si=W3xJGbOqt6glHbEM,GUIDED MEDIDATIONS,
Meditation On Renunciation - A Guided Meditation By Mark Coleman,Video,36:19:00,https://youtu.be/CE_mdCZDAlM?si=SWFm66dBUtVHsjdd,GUIDED MEDIDATIONS,
Tonglen Guided Meditation By Tara Brach,Video,29:42:00,https://youtu.be/apQS0St3PKY?si=WZGrSvCWFg5uxT-P,GUIDED MEDIDATIONS,
Body Scan - Intermediate (Guided Meditation by Sean Fargo),Video,10:25:00,https://youtu.be/DcFOYFXeAk8?si=qVJcyoZkuVLjL3lo,GUIDED MEDIDATIONS,
Deep Relaxation For Sleep - Guided Meditation by David Gandelman,Video,24:18:00,https://youtu.be/FA_Mck63jvo?si=CTGU2zDIL2ojfMbk,GUIDED MEDIDATIONS,
Tara Brach Meditation: Forgiving Ourselves,Video,33:01:00,https://youtu.be/kiXoFf_VZJc?si=bpcCZLf4Xox9Qov1,GUIDED MEDIDATIONS,
Body Scan Guided Meditation by Gil Fronsdal,Video,25:04:00,https://youtu.be/Lz0csF7WuhI?si=VAshvElCmtn4hASU,GUIDED MEDIDATIONS,
Guided Mudita Meditation by Joseph Goldstein,Video,46:45:00,https://youtu.be/QrXQZZ__H8U?si=pZLUpwwUDBoZDHup,GUIDED MEDIDATIONS,
"Tara Brach Meditation: ""Letting Life Be""",Video,27:49:00,https://youtu.be/jqLwt7yKnUE?si=nNAHx5J_lAdE4WpG,GUIDED MEDIDATIONS,
Loving Kindness Meditation by Kristin Neff,Video,21:01:00,https://youtu.be/9cxtdiXBQDk?si=5BThp1rEIV6faObs,GUIDED MEDIDATIONS,
Quick Body Scan - A Guided Meditation by Tara Brach,Video,12:02:00,https://youtu.be/eDnBVUz3a7Y?si=K5bWw2-tDkFirTq-,GUIDED MEDIDATIONS,
Beginning Again: Listening For Our Deeper Aspirations - A Guided Meditation By Donald Rothberg,Video,1:03:04:00,https://youtu.be/sEw2aFmRTN8?si=s9GUusvgi5sZlIUM,GUIDED MEDIDATIONS,
Channels For Release - A Guided Meditation by Ajahn Sucitto,Video,1:04:50:00,https://youtu.be/KxKdaADgVn4?si=19ZZU9Uqb7UdMmt8,GUIDED MEDIDATIONS,
"""Coming Home In the Body"" - Guided Mindfulness Meditation by Oren Jay Sofer",Video,47:48:00,https://youtu.be/P9GkdhYBzTg?si=OK9WEkZikFk__ZGt,GUIDED MEDIDATIONS,
Gratitude Body Scan - A Guided Meditation By Christiane Wolf,Video,42:21:00,https://youtu.be/ZZ-_qpUnjXY?si=j07nIPbyThDCxBEi,GUIDED MEDIDATIONS,
Listening Deeply - A Guided Meditation by Kate Munding,Video,53:05:00,https://youtu.be/FYFEk8OVUcA?si=iqhuu8YkU_1MOBCB,GUIDED MEDIDATIONS,
Listening To The Language of the Land - A Guided Meditation by Brian Lesage,Video,31:56:00,https://youtu.be/cV50RX5TFPw?si=V1TOCgwC6JkWlk-m,GUIDED MEDIDATIONS,
The Art of Mindful Communication - A Guided Meditation by Oren Jay Sofer,Video,37:57:00,https://youtu.be/LsClrsBwCrQ?si=qj3xUrkFhFR0rn58,GUIDED MEDIDATIONS,
The Art of Mindful Communication – A Guided Mindfulness Talk by Oren Jay Sofer,Video,41:41:00,https://youtu.be/2HuQYnLe7D4?si=MQVNBBWmE8gE6LJx,GUIDED MEDIDATIONS,
Anxiety and Tranquility - A Guided Meditation by Matthew Brensilver,Video,58:09:00,https://youtu.be/m4dTYodFDBI?si=HjPqT093njX4-sHJ,GUIDED MEDIDATIONS,
Master Your Teaching Practice With Deep Mindfulness!,Video,0:16:00,https://youtu.be/nIYxhWF9odk?si=pqZ3I7N42sCT7k67,Daily Mindfulness,
Why Suppressing Your Anger Makes You Physically Sick?,Video,0:55:00,https://youtu.be/ML9FbSNsMMw?si=r9T_Kzk_jGoMhBvo,Daily Mindfulness,
How to Support Others While Taking Care of Yourself!,Video,0:16:00,https://youtu.be/zkJMS5gJM5o?si=Ysg7LqjZq3_OsSmQ,Daily Mindfulness,
Daily Mindfulness Quotes - How I can be more compassion to myself - Christopher Germer,Video,0:16:00,https://youtu.be/sq50We4oA38?si=MM8_OGO0gZQAIcP-,Daily Mindfulness,
Daily Mindfulness Quotes - Gabor Mate * There is no compassion fatigue,Video,0:16:00,https://youtu.be/ZxnMksY9o2M?si=dv-tYGzZ4njYw07D,Daily Mindfulness,
The Hidden Mindfulness You Practice Every Day,Video,0:10:00,https://youtu.be/C15IIROG7Pk?si=fT4OYuzoWXtmy3x4,Daily Mindfulness,
The Hidden Truth Behind Your National Anger!,Video,0:49:00,https://youtu.be/vfiynawR2jQ?si=Lu8kzwhhDmun9K2m,Daily Mindfulness,
Your Brain Was DESIGNED For Love - Here's The Proof!,Video,0:57:00,https://youtu.be/9vznK0wnlY4?si=hhx_PjJ8H-PUGzb9,Daily Mindfulness,
Why Are We Teaching Our Kids Hidden Prejudice?,Video,0:34:00,https://youtu.be/XHIlPvN-uoE?si=PZ9lNfXmj1zwygce,Daily Mindfulness,
My Journey Through Personal Hell And Back,Video,0:56:00,https://youtu.be/7RgVm176l8o?si=f85dPSlFgFPe4w2Y,Daily Mindfulness,
How to Practice Mindfulness Without Pressure or Expectations?,Video,0:45:00,https://youtu.be/NlYZD_cfhNo?si=vwwS0k_t7kUaaQuh,Daily Mindfulness,
Discover Your Perfect Food Match Through Mindfulness!,Video,0:26:00,https://youtu.be/MHDwgPXxZac?si=gMvZ-jhqv82ZeSCx,Daily Mindfulness,
Mindfulness and the Firefighter Effect - Life Changing Truth!,Video,0:47:00,https://youtu.be/h7bZcruPL70?si=NPRdUALqgjtNsXec,Daily Mindfulness,
The Hidden Trap In Meditation Nobody Talks About!,Video,0:31:00,https://youtu.be/v6d6XqNWbsg?si=f4aVAWEAmtgCKGoM,Daily Mindfulness,
The SHOCKING Truth About How We Interpret Emotions!,Video,0:59:00,https://youtu.be/YFAC4ccpQUI?si=cjMWY4ZE4YjbNA31,Daily Mindfulness,
Discover the Power of Curiosity!,Video,44:00:00,https://youtu.be/Tugqkr77G0w?si=_usprN9UAetpMy-H,Daily Mindfulness,
Ancient Buddhist Secret To Managing Anger Revealed,Video,0:20:00,https://youtu.be/SAoaqmAe5vs?si=Zwk1jx1c886UFBH-,Daily Mindfulness,
Why Mindfulness Might Actually Make You Feel Worse?,Video,0:28:00,https://youtu.be/GvbVny9gwk4?si=kVgWstRgCIranGkf,Daily Mindfulness,
How Our Ancestors Raised Children Without Parents!,Video,0:16:00,https://youtu.be/mbbGxSwiv_Y?si=KUPCej-YsgJf6Itm,Daily Mindfulness,
Why Your Brain NEEDS a Safe Space Right Now!,Video,0:54:00,https://youtu.be/l1nS1MFVj34?si=4db4j_Osy4ELZTvz,Daily Mindfulness,
What Makes Hand Movements More Powerful Than Deep Breathing?,Video,0:57:00,https://youtu.be/SD8C7KtZRO8?si=-lNJqfkgAKyTSVQR,Daily Mindfulness,
Why Most People Get Mindfulness Completely WRONG!,Video,0:59:00,https://youtu.be/knt4twBXxgQ?si=2os6uKukd_yeO4gI,Daily Mindfulness,
The Secret Behind Successful Teaching Methods Revealed,Video,0:57:00,https://youtu.be/IvY2hmmrrYM?si=nafoGJXJUGLosudy,Daily Mindfulness,
The Hidden Truth About Mental Health Labels!,Video,0:53:00,https://youtu.be/l8_rwHifBfc?si=iwio7GdT4nysc-aU,Daily Mindfulness,
Parents Must Fix What They Break - A Crucial Parenting Truth,Video,0:51:00,https://youtu.be/vKYVlIgnNz0?si=w4e_YAi-1hMpzBG9,Daily Mindfulness,
Master Your Mind With This Simple Mindfulness Trick,Video,0:49:00,https://youtu.be/teDo8WHF_tc?si=tOWKZYFQ6WDHRlqt,Daily Mindfulness,
Master Any Skill FASTER With This Simple Method!,Video,0:49:00,https://youtu.be/_l1tApdaDZs?si=_nHuRm_yBuhPVVG5,Daily Mindfulness,
Ancient Meditation Secret For Deep Mental Peace REVEALED,Video,0:52:00,https://youtu.be/pFFwjLyAqEc?si=2t5F3cZ_qVbOVHlC,Daily Mindfulness,
The Hidden Truth About Mindfulness Most People Miss!,Video,0:56:00,https://youtu.be/rN85n_vNA90?si=fkevh2sCdXKDzZ6d,Daily Mindfulness,
What Most People Get Wrong About Addiction Recovery?,Video,0:51:00,https://youtu.be/2k2_el9t_YY?si=cvjjKtA5K3rVZ_6U,Daily Mindfulness,
The Science Behind Making Well-being Your Superpower!,Video,0:58:00,https://youtu.be/FLwbmyovorE?si=wmkTQX_AabDouSWc,Daily Mindfulness,
The Simple Morning Habit That Removes Your Ego,Video,0:50:00,https://youtu.be/jFDV_dxPRdA?si=VwOvlhlibYZf2L5j,Daily Mindfulness,
Understanding The Deep Roots of Human Empathy!,Video,0:39:00,https://youtu.be/18GtEuQTyoM?si=chyiWc8_yqsxGeeH,Daily Mindfulness,
The Number One Factor in Finding the Right Teacher!,Video,0:56:00,https://youtu.be/4VZogmt1riA?si=6q_1tEue0ti42n7Q,Daily Mindfulness,
The Biggest Fear About Meditation Nobody Talks About!,Video,0:56:00,https://youtu.be/e8oRiX6Sq-Q?si=KyQxCWnSEAeaf_s6,Daily Mindfulness,
Why Being Authentic Makes You Stand Out From The Crowd?,Video,0:41:00,https://youtu.be/goFQMJbzwD8?si=JQzOAqLVcMT6Q9qx,Daily Mindfulness,
Daily Mindfulness Quotes - Prediction,Video,0:33:00,https://youtu.be/fGl0OS7T9WQ?si=mimkthnWwKanGJVd,Daily Mindfulness,
Daily Mindfulness Quotes - Reinforcement Learning,Video,0:57:00,https://youtu.be/giEY_q3CL9Q?si=ve7Z83vj27VWNLEz,Daily Mindfulness,
Daily Mindfulness Quotes - Grief - Sean Fargo,Video,0:54:00,https://youtu.be/G0Du1CN1Q1Q?si=Ydk_g7BMFM6L07V2,Daily Mindfulness,
What Happens When You Lose Your Way in Life's Journey?,Video,0:58:00,https://youtu.be/BbtAtkzUSxY?si=KEcYyqk01UnfvQwX,Daily Mindfulness,
The Hidden Price of Neglecting Your Mental Wellness Practice,Video,0:59:00,https://youtu.be/7AhsAwKe1Mg?si=nlbNjB4WAENkRqjv,Daily Mindfulness,
Finding Deep Peace Through Letting Go of Control,Video,0:55:00,https://youtu.be/ChpbZQBhLBc?si=iq2MnwCKdzOPEN3V,Daily Mindfulness,
There Is No Compassion Fatigue – Dr Gabor Mate,Video,0:44:00,https://youtu.be/WyxMr2Zjpok?si=lTkPxkjryg46jbcc,Daily Mindfulness,
Daily Mindfulness Quotes - Paradox,Video,0:49:00,https://youtu.be/a1EQ6T_xzn4?si=ZDHiDA_V11GshoCN,Daily Mindfulness,
Natural Ways to Fight Drowsiness and Stay Awake NOW,Video,0:56:00,https://youtu.be/2K6wOf_HLE8?si=QZbHG1vM3yXHSJbE,Daily Mindfulness,
The Hidden Danger of Always Staying Positive?,Video,0:17:00,https://youtu.be/iHUhPRE3qlg?si=Uvd2lTbWwQyzqodS,Daily Mindfulness,
The Mind-Blowing Secret Between Pain and Resistance!,Video,0:39:00,https://youtu.be/AVFAyBaBOA4?si=n5O-_Y9QvzXha-sS,Daily Mindfulness,
Master Your Response to Physical Discomfort in Minutes,Video,0:58:00,https://youtu.be/qliBmaoMU_8?si=cDT5NRfsw1psiW9b,Daily Mindfulness,
Simple Meditation Technique Makes Anxiety DISAPPEAR!,Video,0:58:00,https://youtu.be/gDOO6vbbid0?si=M-9tEll8QPElagi_,Daily Mindfulness,
Daily Mindfulness Quotes - Feeling Different after Retreat,Video,0:53:00,https://youtu.be/L8H1LWBdCuQ?si=40LOCFFhkbJ0o_zQ,Daily Mindfulness,
Daily Mindfulness Quotes - What is Mindfulness?,Video,0:01:00,https://youtu.be/FnbVB8onpjo?si=V2wDfwelckMQLp5m,Daily Mindfulness,
Daily Mindfulness Quotes - Self Love,Video,0:47:00,https://youtu.be/WxPLYOsmfAo?si=KF2wvDvS2BEY1brA,Daily Mindfulness,
Daily Mindfulness Quotes - The Importance of Trust,Video,0:56:00,https://youtu.be/fYH7UL03T04?si=CcGch6a8sxjv72s4,Daily Mindfulness,
Daily Mindfulness Quotes - Traumatic Stress - David Treleaven,Video,0:45:00,https://youtu.be/42Z2qv2xj7M?si=_OWsHWXRNy3sjC9V,Daily Mindfulness,
Daily Mindfulness Quotes - I am not my illness - Gabor Mate,Video,0:55:00,https://youtu.be/kK8ASQgXw6Q?si=t1hnssSu-biPT4ny,Daily Mindfulness,
Daily Mindfulness Quotes - Teaching About Self - Compassion,Video,0:59:00,https://youtu.be/CjgybQi4n3Y?si=T0DgkFtM9HP1jk1k,Daily Mindfulness,
Don't Push Away Your Negative Emotions - Gabor Mate,Video,0:44:00,https://youtu.be/aiW6xPNUW_8?si=p6b06VOtN_u15ooX,Daily Mindfulness,
Sensing Into Spirit During Meditation – With Sean Fargo,Video,0:43:00,https://youtu.be/vaTDiGkJonw?si=bH0VZTdqLip16niR,Daily Mindfulness,
Daily Mindfulness Quotes - Most People Don’t Commit to Daily Meditation – With Giovanni Dienstmann,Video,0:43:00,https://youtu.be/3HE-Nr6L8Po?si=teorVj8kkWhZ3Pk1,Daily Mindfulness,
Daily Mindfulness Quotes - Practicing Meditation When It Feels Difficult,Video,0:40:00,https://youtu.be/OiB1jiWi2r4?si=tiTreDVOCQIHcHy7,Daily Mindfulness,
Daily Mindfulness Quotes - Concentration Practice vs Mindfulness Practice,Video,0:41:00,https://youtu.be/MmcTYE0zmsI?si=ufjVLDpfmmJI4rv-,Daily Mindfulness,
Daily Mindfulness Quotes - Emotions,Video,0:24:00,https://youtu.be/u1m8td6nQxM?si=EyfkbaVD38_jcC0J,Daily Mindfulness,
Daily Mindfulness Quotes - Brain Activity while Meditating,Video,0:28:00,https://youtu.be/OznbFn3vMdE?si=veoWNGa1887zp1hy,Daily Mindfulness,
Mindfulness Exercises -Join Our Online Mindfulness & Meditation Retreat 15.April - 17.April,Video,0:56:00,https://youtu.be/GC5WiJrS6eQ?si=CGF0WgLkcqMnT_ih,Daily Mindfulness,
Mindfulness Exercises - Mind & Body Unity - Gabor Mate,Video,0:41:00,https://youtu.be/tYhD_4_DmR0?si=Nt38NTu_-uLgg87Z,Daily Mindfulness,
Mindfulness Exercises - Practicing Meditation When It Feels Difficult,Video,0:41:00,https://youtu.be/BVnBddTvcas?si=ilHYjeOgollXQkyZ,Daily Mindfulness,
Mindfulness Exercises - Building Your Mindfulness Muscle,Video,0:37:00,https://youtu.be/tkwu1838pes?si=zVumPZvvDX3YXXX_,Daily Mindfulness,
Mindfulness Exercises -Breaking Habits vs Building New Habits With Giovanni Dienstmann,Video,0:47:00,https://youtu.be/FMXX2fkYN-M?si=_jUZq1iZzA3Ew4gh,Daily Mindfulness,
Mindfulness Exercises - How Does Mindfulness Work,Video,0:15:00,https://youtu.be/dteFgXxN8fI?si=BVQvEzLjO1TJOe9K,Daily Mindfulness,
Mindfulness Exercises - Why Am I Not Grieving Like I Expected To - Gabor Mate,Video,0:59:00,https://youtu.be/Vm0OcWcDgxA?si=ZUI3jB6qk5vxdr34,Daily Mindfulness,
Mindfulness Exercises - How to Deal With Unpleasant,Video,0:26:00,https://youtu.be/p7Ml4icp708?si=TFYKldGvZLBn-DFa,Daily Mindfulness,
Mindfulness Exercises - Mindfulness Is Not About Control – With Sean Fargo,Video,0:38:00,https://youtu.be/_ux6Tm1gORg?si=Rz8bOkqCHD4r551d,Daily Mindfulness,
Mindfulness Exercises - Self Discipiline Should Not Be Painful,Video,0:30:00,https://youtu.be/Ul97YJFh5ho?si=2K-HZgYUr3mp4NtO,Daily Mindfulness,
Mindfulness Exercises - How to Step Out of ‘Teacher Mode’,Video,0:12:00,https://youtu.be/VQV6BuruOGo?si=gQspE3FY4rZG-eNn,Daily Mindfulness,
Mindfulness Exercises - Why are some people interested in mindfulness meditation,Video,0:33:00,https://youtu.be/H2IAzV0p0R0?si=r_Ssy1StDAQea_xW,Daily Mindfulness,
The importance of what we give our attention to,Video,0:52:00,https://youtu.be/nRJnp4xLG4U?si=scuaCnXI0oO9lMmV,Daily Mindfulness,
Feeling a Little Self-Judgmental Today?,Video,0:01:00,https://youtu.be/bSRivX91CBQ?si=slCbci5EseBoJbR6,Daily Mindfulness,
Life Is Like a Game of Chess. ♟ Try Not to Move Too Quickly!,Video,0:01:00,https://youtu.be/ZRcxnwca5zA?si=h8wR3Td4qkb0yH1k,Daily Mindfulness,
Gabor Mate on Mindfulness - Everything Everywhere All at Once?,Video,0:37:00,https://youtu.be/BUWHORAjnAs?si=0V6LWK7Xngv5Pjku,Daily Mindfulness,
What Is the Essence of a Body Scan?,Video,0:59:00,https://youtu.be/oAAPB2tftfg?si=X0jzwABpGRvC81Cj,Daily Mindfulness,
Starting a Meditation Habit,Video,0:59:00,https://youtu.be/9sv9Dd5SfVk?si=8X4JMGeGzjkvbDph,Daily Mindfulness,
Learning From Your Ego with Dr.Gabor Mate,Video,0:49:00,https://youtu.be/GtVBHy70kzg?si=w4HUXCMKB6cZKeIq,Daily Mindfulness,
Do You Identify as a Creative Person?,Video,0:46:00,https://youtu.be/bcd0Nn3dGLQ?si=RHn_oYgFv0gXm7n6,Daily Mindfulness,
Let’s Discover Unconscious Bias,Video,0:47:00,https://youtu.be/1DJVe1puj_M?si=Ut7Pwi33JQO6YwWI,Daily Mindfulness,
The Goodness of Humanity,Video,0:49:00,https://youtu.be/SL5OPxDQ6kg?si=JA03WKP8Ew3kF1pn,Daily Mindfulness,
The More Mindful We Are the More We Are Open to Our Emotions,Video,0:47:00,https://youtu.be/iYtDaSLN-80?si=3O432qdSq7X4GcZT,Daily Mindfulness,
Daily Mindfulness Meditation Practice | Daily Commute Meditation,Video,0:01:56,https://youtu.be/1bNUNiNztlA?si=GGKqQ1naGhfGZ4w5,Daily Mindfulness,
Behind The Scenes - Mindfulness Meditation Teacher Training Program with Sean Fargo,Video,0:13:02:,https://youtu.be/5FWPWewgy10?si=Jui2yKEVZl5jrPLv,Daily Mindfulness,
Mindfulness Exercises Unleashing the Power of Mindfulness,Video,0:12:25,https://youtu.be/7F2TXcBvj2U?si=H6w0uKf9j8hxNIG2,Daily Mindfulness,
Mindfulness Exercises - Imposter Syndrome For New Mindfulness Teachers,Video,0:03:41,https://youtu.be/7nnnXJm3gk4?si=BkuxmIDVJ5Serj21,Daily Mindfulness,
Tuning Into Heart and Belly – Guided Meditation With Sean Fargo,Video,0:20:54,https://youtu.be/DIFSFEWYj5g?si=wygB_zvKLlRxBhmT,Daily Mindfulness,
Unique Guided Meditation To Cultivate Awareness and Deep Relaxation,Video,0:18:00,https://youtu.be/K4e5r8s0diw?si=cgMCfv5YMlC6sp7l,Daily Mindfulness,
Mindfulness Exercises -How to Be Mindful of Difficult Emotions – With Sean Fargo,Video,0:09:12,https://youtu.be/OPf9Slwu2vc?si=6MeW2jBV9p7fsC-r,Daily Mindfulness,
How to Feel at Home Wherever You Are with Mindfulness,Video,0:06:14,https://youtu.be/T0cyZmI4V4w?si=Qgrg51xcgQxR35dg,Daily Mindfulness,
My Experiment with Mindfulness in the Classroom Changed Student Behavior,Video,0:01:57,https://youtu.be/a1ouNMwvxY8?si=ri4uWjlzy8xNJRTI,Daily Mindfulness,
How to Discover Where Your Happiness Lives with Mindfulness,Video,0:04:46,https://youtu.be/fVvko2Il7cU?si=94-4LlhRKoXJzas9,Daily Mindfulness,
Sean Fargo Practicing Mindfulness in Nature - Mindfulness Exercises,Video,0:07:44,https://youtu.be/ggeTc9FJtt4?si=9rB623D_hENEZ79P,Daily Mindfulness,
oments of Mindfulness - Mindfulness Exercises,Video,0:07:34,https://youtu.be/j-LP2sWizco?si=3zjSrc6Nou4HJ6k1,Daily Mindfulness,
How Sean Fargo Starts His Personal Meditation Practices,Video,0:05:26,https://youtu.be/lI3OeDX6hDI?si=c9HF7vzHNBHZV40v,Daily Mindfulness,
How Mindfulness and Gratitude Can Improve Your Well Being,Video,0:04:16,https://youtu.be/loBQ4onckVQ?si=NyhwZH6t3F9qGo0b,Daily Mindfulness,
Mindfulness Exercises -Want to Teach Mindfulness but not sure what to say?,Video,0:05:27,https://youtu.be/qAysGg7lRyY?si=wKDQg3qvy5iAifFj,Daily Mindfulness,
Mindfulness Teacher Training Certificate - What does it mean to teach mindfulness,Video,0:01:01,https://youtu.be/qwQkWpG0__0?si=rOKIWIeTXT8SrB59,Daily Mindfulness,
Sean's Thoughts On The School Shootings - Honoring Our Emotions + Tools For Resilience,Video,0:09:24,https://youtu.be/taxXnZuwAw4?si=sibC54Ue2bxLWKoH,Daily Mindfulness,
The Most Powerful Thanksgiving Mindfulness Exercise You Need!,Video,0:00:12,https://youtu.be/3Cy7pqAoCcc?si=kk4UQBM5z2vQ-zzx,Daily Mindfulness,
STOP Feeling Unfulfilled and Learn the Art of Being Content #mindfulnesspractice #mindfulness,Video,0:00:15,https://youtu.be/py2ux_FKFCQ?si=w1HRGtobnxRnHXZA,Daily Mindfulness,
What Makes Buddhist Masters Different From Regular People?,Video,0:00:49,https://youtu.be/R5eOHypcjsY?si=0Dea8SZlSYSuj8H6,Daily Mindfulness,
Mind Blowing Discovery About Pain Response in Meditation,Video,0:00:49,https://youtu.be/7CRG3d7IIqk?si=fqKGwemxjm3Q5c5J,Daily Mindfulness,
How To Find Inner Peace In A Chaotic World 2025? #dailyreminder #bestversionofyou,Video,0:00:39,https://youtu.be/FJC5lcYQaKg?si=8Np8GfbRsi6CTkO4,Daily Mindfulness,
5 Mindful Moments That Will Change Your Life Forever 🌿 #mindfulnesspractice #mindsetmatters,Video,0:00:33,https://youtu.be/Txbcm9BISl0?si=JFgpJOxmtXZnxuKt,Daily Mindfulness,
How to Break Free From Social Media Addiction? #mindfulnesspractice #mindfulnessmeditation,Video,0:00:38,https://youtu.be/QuWkyrxOK0k?si=Q9CrY6fLLWAfwdNo,Daily Mindfulness,
Break Free From Your Inner Critic With These Simple Steps! #mindfulnesspractice #mindfulness,Video,0:00:21,https://youtu.be/lLDD4BW2IXw?si=xnI-Z74K9O2KPczp,Daily Mindfulness,
Walking Meditation That Will Reset Your Mind! #mentalclarity #mindfulnesspractice,Video,0:00:21,https://youtu.be/u1mtuNOOYpg?si=sWTzyns8kocq7AP4,Daily Mindfulness,
Master Mindful Breathing in 5 Minutes #mindfulbreathing #breathingexercise,Video,0:00:33,https://youtu.be/j_eFzpq5qxE?si=SwcEEWzrSZH3drGI,Daily Mindfulness,
Why Self Care Feels IMPOSSIBLE Sometimes? #mindfulnesspractice,Video,0:00:11,https://youtu.be/xpgVlPUdJ7Y?si=I5FUPiFoOmmoU4PH,Daily Mindfulness,
Why 3 Minutes of Gratitude Changes Everything? #mindfulnesspractice #mindfulnessmeditation,Video,0:00:10,https://youtu.be/ZZWzFnuRJ7s?si=-Bs-S_3T7nJDVE4t,Daily Mindfulness,
Want to MASTER String of Lights in 10 Minutes Watch This #mindfulnesspractice #mindfulness,Video,0:00:36,https://youtu.be/zXj_3wuopnw?si=zD8idhVBv2pDKJJ3,Daily Mindfulness,
Want Inner Peace in 10 Minutes a Day with MINDFULNESS? #mindfulnesspractice #mindfulnessmeditation,Video,0:00:17,https://youtu.be/iSRrhgI1bqk?si=c5sk5FXkfufEg4md,Daily Mindfulness,
Mindfulness EXPERTS Reveal the Power of Being Present #mindfulnesspractice #mindfulnessmeditation,Video,0:00:30,https://youtu.be/1HGkMZUFHAw?si=k4GShWMz8yzgWihD,Daily Mindfulness,
This Simple Breathing Trick Will Make Your Anxiety DISAPPEAR #mindfulnesspractice #mindfulness,Video,0:00:31,https://youtu.be/UkbLcexe_Vs?si=5rdBvWWF_CfOojS1,Daily Mindfulness,
Master Mindfulness When Fear Takes Over #mindfulnesspractice #mindfulnessmeditation,Video,0:00:50,https://youtu.be/eeg__qttIio?si=uO02YigxAmMTLsnp,Daily Mindfulness,
Simple Mindfulness Practices That Can Change Someone's Life #mindfulnesspractice #mindfulness,Video,0:00:43,https://youtu.be/mUacazuFUNU?si=ZBVstujP6wJ2fzQA,Daily Mindfulness,
Simple Way to Make Peace With Difficult Emotions During Meditation! #mindfulnesspractice #mindful,Video,0:00:40,https://youtu.be/DhqQWZUKaVg?si=-7MOEn82MCdoCROV,Daily Mindfulness,
Master Deep Meditation With Simple Body Awareness! #mindfulnesspractice #mindfulness,Video,0:00:54,https://youtu.be/9ONUeEoI0OE?si=M2wnP8sKMQrlSzOO,Daily Mindfulness,
How to Fall Asleep in 5 Minutes Using Ancient Mindfulness? 🧘‍♀️☘️ #mindfulnesspractice #mindfulness,Video,0:01:13,https://youtu.be/YDyghcbaF9U?si=8Ng5AyArNQ7hx9kX,Daily Mindfulness,
3 Mindful Ways to Find Peace When Life Feels Too Slow #mindfulnesspractice #mindfulnessmeditation,Video,0:00:22,https://youtu.be/95LIYkD4tr0?si=HIpOCvAYZ-qw2Fhv,Daily Mindfulness,
Why Your Brain Needs a Daily Dose of Calm? #mindfulnesspractice #mindfulnessmeditation,Video,0:00:24,https://youtu.be/_3mpUHLQyVU?si=tn7iwZR7PepZj34x,Daily Mindfulness,
The best things in life are FREE ✨🌿 #mindfulnesspractice #mindfulnessmeditation,Video,0:00:16,https://youtu.be/8uT27iUN6Bs?si=pKQvH23euVljDjnq,Daily Mindfulness,
My Life Changed Forever After This Sunset in Nepal! #mindfullnesspractice #motivation,Video,0:01:02,https://youtu.be/zR6cxD2vZNw?si=MG54MmEteX3aNOtG,Daily Mindfulness,
Experience Deep Calm In Your Darkest Moments! #mindfulnesspractice #mindfulnessmeditation,Video,0:00:26,https://youtu.be/fQm7UXqDbKk?si=5ZGKsrrm486Aj4f1,Daily Mindfulness,
This Law School Added Meditation and Changed Everything #mindfulnesspractice #mindfulnessmeditation,Video,0:00:49,https://youtu.be/6b05QcPV-5A?si=7YGSWlBBYnQomqSA,Daily Mindfulness,
10 Calming Affirmations That Really Help With Anxiety! #mindfulnesspractice #anxietyrelief,Video,0:00:24,https://youtu.be/3E7Qi7NlnV0?si=1MlsHSDGx_v0J-qK,Daily Mindfulness,
Can You Tame Your Inner Critic In Just Seconds? #mindfulnesspractice #mindfulnessmeditation,Video,0:01:15,https://youtu.be/0yzxG9Z6kZM?si=ltvPEqgwiM11IzSI,Daily Mindfulness,
Why Trusting The Universe Changes Everything! #mindfulnesspractice #mindfulnessmeditation,Video,0:00:17,https://youtu.be/sUTGFhptPrA?si=AETg9l_iMni3wxBz,Daily Mindfulness,
What Happens When You Let Your Mind Rest? #mindfulnesspractice #mindfulnessmeditation,Video,0:00:42,https://youtu.be/6lsvMlBpJmI?si=-BAUWwebMMG7MCRf,Daily Mindfulness,
Why Excitement Might Be the Key to Mindfulness! #mindfulnesspractice #mindfulnessmeditation,Video,0:00:41,https://youtu.be/NaC80gRgz1k?si=0P8vwi83RvbiNq39,Daily Mindfulness,
Stop Believing These Meditation Myths! #mindfulnesspractice #mindfulnessmeditation,Video,0:00:35,https://youtu.be/XaPo4N90EYc?si=67NbnQAPkZ0Aie65,Daily Mindfulness,
Can Mushrooms Make Your Brain Super Powerful? #mindfulnesspractice #mindfulnessmeditation,Video,0:00:39,https://youtu.be/oETqlTLw57Q?si=ZfD2MbmO2DkZ-CSH,Daily Mindfulness,
A Mindfulness Game for Deeper Body Awareness #mindfulnesspractice #mindfulnessmeditation,Video,0:01:36,https://youtu.be/3m_dKs8nPWc?si=xvsNr6NXKKvBGhw6,Daily Mindfulness,
You Need Some Love Today | A Gentle Practice of Self-Compassion #mindfulnesspractice #mindfulness,Video,0:01:53,https://youtu.be/D5fuFmgs1sI?si=mIoVdDa1TSeoDOxS,Daily Mindfulness,
What does your body need from you today? 🤗💚 #mindfulnesspractice #mindfulnessmeditation,Video,0:02:58,https://youtu.be/MP1lRUj22gY?si=rPfe5D4ny4aLl6X-,Daily Mindfulness,
The Productivity Hack No One Talks About 💡#mindfulnesspractice #mindfulnessmeditation,Video,0:00:26,https://youtu.be/0LpxlisPU0U?si=iuusFWpLIGuniG1r,Daily Mindfulness,
How Pickleball (and Feeling My Feelings) Saved My Life #mindfulnesspractice #mindfulnessmeditation,Video,0:01:31,https://youtu.be/zU93icoEwvM?si=Gg3NKZOWI3xliKpP,Daily Mindfulness,
Day 1 - Training Overview,Video,0:02:16,https://vimeo.com/916292612?share=copy,FitMind Meditations,
Day 2 - Tranquil Breathing,Video,0:05:52,https://vimeo.com/916292624?share=copy,FitMind Meditations,
Day 3 - Meditation Basics,Video,0:06:36,https://vimeo.com/916292636?share=copy,FitMind Meditations,
Day 4 - Finger Switching,Video,0:06:25,https://vimeo.com/916292650?share=copy,FitMind Meditations,
Day 5 - Breath Focus A,Video,0:07:26,https://vimeo.com/916292676?share=copy,FitMind Meditations,
Day 6 - Head Switching,Video,0:07:14,https://vimeo.com/916292689?share=copy,FitMind Meditations,
Day 7 - Breath Focus B,Video,0:07:39,https://vimeo.com/916292709?share=copy,FitMind Meditations,
Day 8 - Body Scan A,Video,0:10:38,https://vimeo.com/916292723?share=copy,FitMind Meditations,
Day 9 - Breath Focus C,Video,0:09:34,https://vimeo.com/916292746?share=copy,FitMind Meditations,
Day 10 - Body Scan B,Video,0:10:53,https://vimeo.com/916292760?share=copy,FitMind Meditations,
Day 11 - Breath Focus D,Video,0:09:57,https://vimeo.com/916292774?share=copy,FitMind Meditations,
Day 12 - Repeated Phrase A,Video,0:10:35,"https://vimeo.com/916292784?share=copy
",FitMind Meditations,
Day 13 - Breath Focus E,Video,0:10:02,https://vimeo.com/916292794?share=copy,FitMind Meditations,
Day 14 - Repeated Phrase B,Video,0:10:10,https://vimeo.com/916292804?share=copy,FitMind Meditations,
Day 15 - Flexible Awareness,Video,0:10:41,https://vimeo.com/916292814?share=copy,FitMind Meditations,
Day 16 - Noting A,Video,0:12:16,https://vimeo.com/916292850?share=copy,FitMind Meditations,
Day 17 - Noting B,Video,0:14:31,https://vimeo.com/916292868?share=copy,FitMind Meditations,
Day 18 - Noting C,Video,0:12:07,https://vimeo.com/916292880?share=copy,FitMind Meditations,
Day 19 - Noting Gone,Video,0:12:00,https://vimeo.com/916292893?share=copy,FitMind Meditations,
Day 20 - Just Being,Video,0:12:11,https://vimeo.com/916292907?share=copy,FitMind Meditations,
Day 21 - Emotional Priming,Video,0:12:58,https://vimeo.com/916292935?share=copy,FitMind Meditations,
Day 22 - Glimpse,Video,0:12:16,https://vimeo.com/916292949?share=copy,FitMind Meditations,
Day 23 - Aware of Awareness,Video,0:13:30,https://vimeo.com/916292966?share=copy,FitMind Meditations,
Day 24 - Headless Way,Video,0:14:18,https://vimeo.com/916292982?share=copy,FitMind Meditations,
Day 25 - Self-Inquiry A,Video,0:13:57,https://vimeo.com/916292994?share=copy,FitMind Meditations,
Day 26 - Yoga Nidra,Video,0:14:48,https://vimeo.com/916293008?share=copy,FitMind Meditations,
Day 27 - Self-Inquiry B,Video,0:13:13,https://vimeo.com/916293024?share=copy,FitMind Meditations,
Day 28 - Reflection On Mortality,Video,0:13:06,https://vimeo.com/916293036?share=copy,FitMind Meditations,
Day 29 - Self-Inquiry C,Video,0:15:18,https://vimeo.com/916293052?share=copy,FitMind Meditations,
Day 30 - Actualism,Video,0:15:24,https://vimeo.com/916293066?share=copy,FitMind Meditations,
5-Minute Meditation,Video,0:05:44,https://vimeo.com/916292664?share=copy,FitMind Meditations,
15-Minute Meditation,Video,0:15:20,https://vimeo.com/916292825?share=copy,FitMind Meditations,
20-Minute Meditation,Video,0:20:21,https://vimeo.com/916292918?share=copy,FitMind Meditations,
30-Minute Meditation,Video,0:30:33,https://vimeo.com/916293078?share=copy,FitMind Meditations,
45-Minute Meditation,Video,0:45:49,https://vimeo.com/916293118?share=cop,FitMind Meditations,
"60-Minute Meditation
",Video,1:00:31,https://vimeo.com/916293156?share=copy,FitMind Meditations,
Lucid Dreaming,Video,0:09:52,https://vimeo.com/916293201?share=copy,FitMind Meditations,
Rain,Video,0:15:43,https://vimeo.com/916293217?share=copy,FitMind Meditations,
Refreshing,Video,0:10:56,https://vimeo.com/916293231?share=copy,FitMind Meditations,
Walking Meditation,Video,0:06:13,https://vimeo.com/916293237?share=copy,FitMind Meditations,
Welcome to the Course,Video,0:16:54,https://vimeo.com/912922981/869b6f7e08,Trauma-Sensitive Mindfulness Certification,
Lesson 1: An Introduction to Trauma-Sensitive Mindfulness,Video,1:40:28,https://vimeo.com/912923277/c91dc26c6b,Trauma-Sensitive Mindfulness Certification,
Lesson 2: Identifying and Managing the Adverse Effects of Mindfulness Meditation,Video,2:08:06,https://vimeo.com/912925266/04fbf8e25f,Trauma-Sensitive Mindfulness Certification,
Lesson 3: Self-Compassion and Trauma,Video,2:01:37,https://vimeo.com/912927742/67940ecaf3,Trauma-Sensitive Mindfulness Certification,
Lesson 4: Recognizing Trauma and Deepening Your TSM Skills: An Integration Session with Sean Fargo and David Treleaven,Video,0:37:44,https://vimeo.com/912929903/27d32de1d7,Trauma-Sensitive Mindfulness Certification,
Appendix 1: Additional Considerations for Trauma-Sensitive Teaching,Video,0:27:01,https://vimeo.com/912921792/8f22ff0731,Trauma-Sensitive Mindfulness Certification,
Appendix 2: Preparing to Guide Trauma-Sensitive Mindfulness Practices,Video,0:21:41,https://vimeo.com/912922380/57dee28694,Trauma-Sensitive Mindfulness Certification,
A Note of Gratitude,Video,0:04:58,https://vimeo.com/912930659/84a707a3ff,Trauma-Sensitive Mindfulness Certification,
1.1 – How to get the most out of this course,Video,0:02:43,https://vimeo.com/673865433/f1879dd288,Introduction to Mindfulness,
1.2 – How to sit in meditation,Video,0:02:10,https://vimeo.com/673859308/7fb17b288c,Introduction to Mindfulness,
1.3 – Guided Meditation – Learning to rest,Video,0:05:05,https://vimeo.com/673859342/562087058e,Introduction to Mindfulness,
2.1 – Mindfulness explained,Video,0:03:19,https://vimeo.com/673859628/4c85ba62e2,Introduction to Mindfulness,
2.2 – Guided Meditation – Mindful breathing,Video,0:07:37,https://vimeo.com/673859426/e3728f86e2,Introduction to Mindfulness,
3.1 – Coming back to the breath,Video,0:03:00,https://vimeo.com/673859687/5f56daa45e,Introduction to Mindfulness,
3.2 – Guided Meditation – Coming back with patience,Video,0:10:31,https://vimeo.com/673859794/a15a149c35,Introduction to Mindfulness,
4.1 – The Monkey Mind,Video,0:02:48,https://vimeo.com/673860190/cf858ce13e,Introduction to Mindfulness,
4.2 – Guided Meditation – Labeling the Breath,Video,0:10:28,https://vimeo.com/673859956/fe039b7f05,Introduction to Mindfulness,
5.1 – Bringing Awareness to the Body,Video,0:03:00,https://vimeo.com/673861142/0a05c77c7b,Introduction to Mindfulness,
5.2 – Guided Meditation – Body Scan Meditation,Video,0:10:41,https://vimeo.com/673860295/749fa9bacb,Introduction to Mindfulness,
6.1 – Being Aware of Sounds in the Environment,Video,0:03:15,https://vimeo.com/673861222/7a6686c9ce,Introduction to Mindfulness,
6.2 – Guided Meditation – Mindful Listening,Video,0:09:00,https://vimeo.com/673865520/3151ec4411,Introduction to Mindfulness,
7.1 – Staying Calm in the Midst of Chaos,Video,0:03:16,https://vimeo.com/673863602/17f48ed73c,Introduction to Mindfulness,
7.2 – Guided Meditation – Practicing Equanimity,Video,0:09:31,https://vimeo.com/673861301/950f82a260,Introduction to Mindfulness,
8.1 – Clouds in the Sky,Video,0:02:38,https://vimeo.com/673864088/78e242a6f1,Introduction to Mindfulness,
8.2 – Guided Meditation – Letting Thoughts Come and Go,Video,0:10:45,https://vimeo.com/673863760/ccd4b7542f,Introduction to Mindfulness,
9.1 – That Which Gets in the Way of Your Task…,Video,0:02:42,https://vimeo.com/673871511/2c7c17f4ee,Introduction to Mindfulness,
9.2 – Guided Meditation – Focusing on Distractions,Video,0:10:50,https://vimeo.com/673521626/ad8c90a706,Introduction to Mindfulness,
"10.1 – Hello, Old Friend",Video,0:03:03,https://vimeo.com/673864351/e80d2cc927,Introduction to Mindfulness,
10.2 – Guided Meditation – Inviting Everything in For Tea,Video,0:09:55,https://vimeo.com/673864192/6077901764,Introduction to Mindfulness,
11.1 – Finding Your Edge,Video,0:04:19,https://vimeo.com/673864747/385b50be5e,Introduction to Mindfulness,
11.2 – Guided Meditation – Meditating With Pain,Video,0:10:23,https://vimeo.com/673512176/dd8436995b,Introduction to Mindfulness,
12.1 – Working With Doubt,Video,0:02:01,https://vimeo.com/673873941/c6364df6bf,Introduction to Mindfulness,
12.2 – Guided Meditation – Noticing Doubt in the Mind,Video,0:09:27,https://vimeo.com/673865229/4c202181b1,Introduction to Mindfulness,
13.1 – Cultivating Care for Others,Video,0:03:02,https://vimeo.com/673512383/c6bf8f3c1a,Introduction to Mindfulness,
13.2 – Guided Meditation – Loving-Kindness,Video,0:10:45,https://vimeo.com/673874029/391733efed,Introduction to Mindfulness,
14.1 – Bringing it All Together,Video,0:00:46,https://vimeo.com/673874252/735874b94d,Introduction to Mindfulness,
14.2 – Guided Meditation – Open Practice,Video,0:10:22,https://vimeo.com/673865048/d036d4f370,Introduction to Mindfulness,
15.1 – You’ve reached the end of the course!,Video,0:00:41,https://vimeo.com/673865480/731f2faa3b,Introduction to Mindfulness,
"Introduction, Overview & Your Downloadable Study Guide",Video,0:16:35,https://vimeo.com/673876909/2a889b7c9a,Living with Gratitude,
Part 1: A Perennial Wisdom,Video,0:08:50,https://vimeo.com/673877442/25c09a0e0b,Living with Gratitude,
Part 2: Finding Our Openings To Gratitude,Video,0:10:16,https://vimeo.com/673877345/0a221d0e01,Living with Gratitude,
Part 3: Ingratitude As The Essence Of Vileness,Video,0:07:46,https://vimeo.com/674299749/8d22f9ff8e,Living with Gratitude,
Part 4: Increasing The Benefits In Your Own Life,Video,0:11:30,https://vimeo.com/674298239/b089efa310,Living with Gratitude,
Part 1: The Four Chambered Heart,Video,0:12:23,https://vimeo.com/674303933/d6e1b5136b,Living with Gratitude,
"Part 2: Blessing, Learnings, Mercies & Protections",Video,0:14:50,https://vimeo.com/673877139/5d7cc2d839,Living with Gratitude,
Part 3: Health & Relationships,Video,0:14:41,https://vimeo.com/674302494/e6e936d080,Living with Gratitude,
Part 4: Practices For Love & Happiness,Video,0:07:14,https://vimeo.com/673877400/f1e90c93c7,Living with Gratitude,
Part 1: The Beauty of Our Interconnectedness,Video,0:10:42,https://vimeo.com/673877268/7411aef119,Living with Gratitude,
Part 2: Service Within Professional Environments,Video,0:13:08,https://vimeo.com/673876767/dc61b093b3,Living with Gratitude,
Part 3: What Is Your “Calling”?,Video,0:06:39,https://vimeo.com/673876618/cf35bb3a2f,Living with Gratitude,
Part 4: Generosity As Our Natural Response,Video,0:10:24,https://vimeo.com/673876509/f9dfd27dd3,Living with Gratitude,
"Part 1: Gratitude, Mercy & Forgiveness",Video,0:08:50,https://vimeo.com/673877487/fbf3423c55,Living with Gratitude,
Part 2: The Fourfold Path To Forgiveness,Video,0:16:44,https://vimeo.com/673876165/6336041233,Living with Gratitude,
Part 3: Practices For Redemption,Video,0:12:08,https://vimeo.com/673876666/c24f979872,Living with Gratitude,
"Part 4: Atonement, Honor & Integration",Video,0:12:42,https://vimeo.com/673876381/00c17981db,Living with Gratitude,
Part 1: Our Connection With Nature,Video,0:08:05,https://vimeo.com/674302333/8b0cbbc845,Living with Gratitude,
Part 2: Natural Qualities of Survival/,Video,0:14:08,https://vimeo.com/674302410/fea0892b04,Living with Gratitude,
Part 3: Practices For Healing With Nature,Video,0:05:03,https://vimeo.com/674306172/1c15591bad,Living with Gratitude,
Part 4: Invitations For Integration,Video,0:08:49,https://vimeo.com/673876112/3cdb633012,Living with Gratitude,
Part 1: Nonjudgmental Moment-To-Moment Awareness,Video,0:07:09,https://vimeo.com/673876067/923c86da36,Living with Gratitude,
Part 2: Learning How To Let Be & Let Go,Video,0:06:33,https://vimeo.com/673876012/f3b460ca7f,Living with Gratitude,
Part 3: Practices For A Grateful Heart,Video,0:08:22,https://vimeo.com/673875943/e4c5e7a459,Living with Gratitude,
"Part 4: Strengthening, Softening, Opening, Deepening",Video,0:10:29,https://vimeo.com/673875865/f9973ff3d1,Living with Gratitude,
Welcome to the Course,Video,0:01:18,https://vimeo.com/449958354/e622b8f647,Sleep Meditations Course,
How to get the most out of the course,Video,0:01:37,https://vimeo.com/449958686/c616574919,Sleep Meditations Course,
Consistent Schedule,Video,0:02:52,https://vimeo.com/449960481/99ae3d13db,Sleep Meditations Course,
Light,Video,0:03:20,https://vimeo.com/449962738/72ffd6148e,Sleep Meditations Course,
Temperature,Video,0:01:56,https://vimeo.com/449963686/bf4003e6ef,Sleep Meditations Course,
Caffeine,Video,0:02:14,https://vimeo.com/449966365/8426c67dbd,Sleep Meditations Course,
Exercise,Video,0:01:21,https://vimeo.com/449969584/28d6597da4,Sleep Meditations Course,
Sanctuary,Video,0:01:57,https://vimeo.com/449969874/49deaf5bd6,Sleep Meditations Course,
Mind,Video,0:01:40,https://vimeo.com/449971151/8b8746eadf,Sleep Meditations Course,
Bonus: Falling back asleep,Video,0:01:51,https://vimeo.com/449971866/d7dbbb8a78,Sleep Meditations Course,
Wrapping up the section,Video,0:00:53,https://vimeo.com/449974897/dd4b44569d,Sleep Meditations Course,
Resting the body,Video,0:14:01,https://vimeo.com/449976638/9c0c9149ce,Sleep Meditations Course,
Coming home to the breath,Video,0:12:04,https://vimeo.com/449977478/14cdefac65,Sleep Meditations Course,
Body scan,Video,0:13:07,https://vimeo.com/449978063/e156d3103f,Sleep Meditations Course,
Nothing to do,Video,0:11:47,https://vimeo.com/449978783/71721b7bd3,Sleep Meditations Course,
Thoughts like clouds,Video,0:11:43,https://vimeo.com/449979508/778ba644ec,Sleep Meditations Course,
Soundscape,Video,0:12:04,https://vimeo.com/449980194/606e508a1d,Sleep Meditations Course,
Curiosity body scan,Video,0:13:55,https://vimeo.com/449980977/c22439e96a,Sleep Meditations Course,
Tonglen,Video,0:12:32,https://vimeo.com/449981814/8283b8c712,Sleep Meditations Course,
Ocean visualization,Video,0:11:23,https://vimeo.com/449982223/7b5391bad2,Sleep Meditations Course,
Mountain visualization,Video,0:11:41,https://vimeo.com/449982700/3f750cfa06,Sleep Meditations Course,
Gratitude body scan,Video,0:14:16,https://vimeo.com/449983419/850df65fb5,Sleep Meditations Course,
Labelling,Video,0:12:24,https://vimeo.com/449988945/6dd383062e,Sleep Meditations Course,
Metta benefactor,Video,0:12:23,https://vimeo.com/449991487/d533ad352e,Sleep Meditations Course,
Metta friends,Video,0:14:08,https://vimeo.com/449993604/c6a398a781,Sleep Meditations Course,
Metta friends and self,Video,0:12:57,https://vimeo.com/449998218/4272e31926,Sleep Meditations Course,
Counting 1 to 10,Video,0:14:05,https://vimeo.com/450000644/9a7f387e40,Sleep Meditations Course,
Equanimity,Video,0:11:43,https://vimeo.com/450001234/33c0fa6c40,Sleep Meditations Course,
Compassion for friend,Video,0:14:07,https://vimeo.com/450001994/545d647532,Sleep Meditations Course,
Compassion for friend and self,Video,0:14:11,https://vimeo.com/450002734/05a16aa532,Sleep Meditations Course,
Spacious awareness,Video,0:11:21,https://vimeo.com/450003247/9868d5517c,Sleep Meditations Course,
The Hunger Scale,Video,0:02:43,https://vimeo.com/673869982/cf6d2cf8e2,Mindfulness of Eating,
Course Outline,Video,0:06:02,https://vimeo.com/673870216/ac66e08d29,Mindfulness of Eating,
Mindful Eating,Video,0:06:03,https://vimeo.com/673870277/cd8f13ff9f,Mindfulness of Eating,
Lesson 1 Handout Review,Video,0:13:35,https://vimeo.com/673870277/cd8f13ff9f,Mindfulness of Eating,
Hunger,Video,0:22:13,https://vimeo.com/673869781/ac2c764983,Mindfulness of Eating,
Lesson 2 Handout Review,Video,0:09:13,https://vimeo.com/673869857/5e00097b8b,Mindfulness of Eating,
Intention and Attention,Video,0:47:53,https://vimeo.com/673869551/879f7a2419,Mindfulness of Eating,
Lesson 3 Handout Review,Video,0:06:43,https://vimeo.com/673869929/bab0130770,Mindfulness of Eating,
Your Mindful Journey,Video,0:32:00,https://vimeo.com/673869730/9b0aa35900,Mindfulness of Eating,